id,name,email,company,rating,feedback,department,date
1,Iti Hazari,it@gmail.com,Takkar_Polychem,3,Itni Bar gir chuki hu kyaaaa btauuuuuuuuu!!,HR,2026-04-24
2,Charles Scott,cole89@example.net,HCL,2,Store result her picture white wall hold.,IT,2026-02-20
3,Timothy Riley,thomasjames@example.net,HCL,4,During investment sound around hot meeting debate then sense.,Finance,2025-10-25
4,Dr. Kyle Lopez,tristanjohnson@example.net,Capgemini,2,Seem notice single age partner.,IT,2025-11-25
5,Lauren Mejia,tinaeaton@example.org,Deloitte,1,Another huge between order pattern eye.,Finance,2026-04-23
6,Rhonda Martinez,radams@example.org,TCS,1,Red those phone compare strong above production official heart begin.,Finance,2025-11-03
7,Tiffany Roth,juarezrhonda@example.net,Accenture,3,Model already her challenge bank participant million.,HR,2026-02-18
8,Erik Hopkins,williamtrevino@example.com,Infosys,4,Rich ground value trade feel hold south later.,IT,2026-03-25
9,Taylor Lynch,nicole11@example.com,HCL,5,Network deep scientist behavior class get budget case budget.,Sales,2026-01-18
10,Gail Lee,robert47@example.net,Infosys,1,People movie financial attack require.,IT,2025-10-28
11,Rachael Perez,vanessathompson@example.org,TCS,4,Million front parent far detail answer or officer position.,IT,2026-03-01
12,Jason Gutierrez,watsonmichael@example.net,HCL,5,Mean before town rule cut.,Sales,2025-12-29
13,Kelly Jones,andrew50@example.net,Accenture,5,Reach law probably remain skin town a.,Finance,2026-04-18
14,Tina Gardner,clarkedebra@example.com,Infosys,1,Positive member notice reveal least change real.,HR,2026-04-17
15,Kristen Peterson,jonathanrodriguez@example.org,Takkar_Polychem,2,Base out including difficult financial.,HR,2025-12-24
16,Laura Nguyen,michaeljordan@example.org,Accenture,4,Late indicate less pretty hard network talk design.,IT,2026-01-28
17,Brian Roth,daniellehayes@example.org,Deloitte,3,Production particularly in certain star theory successful.,Finance,2026-01-16
18,Amy Barron,randy41@example.org,Takkar_Polychem,2,Your let order common deal form rate.,Sales,2025-11-02
19,Cole Brandt,mhiggins@example.com,HCL,5,Manage attention add treat mention quite air book between.,Finance,2026-01-24
20,Justin Bradshaw,stephanieguerrero@example.com,Accenture,2,Not many until part value store pressure recognize.,IT,2025-11-21
21,Alicia Odom,jeffreysalazar@example.net,Capgemini,2,Can specific trade inside red south between next herself story.,IT,2026-02-08
22,Zachary Morgan,johnriley@example.com,Cognizant,2,Area risk base traditional message.,IT,2026-02-22
23,Heidi Nolan,fweber@example.com,Wipro,2,Election wrong factor girl challenge sport right police him serious.,IT,2026-02-25
24,Leonard Perry,aaronfernandez@example.net,Deloitte,4,Loss cold property outside education indeed really you expert and.,IT,2025-11-23
25,Tiffany Cole,vrowland@example.com,HCL,3,Everyone themselves time tree challenge plan Republican he past continue plant.,Finance,2026-01-31
26,Tiffany Miller,ashley39@example.org,Deloitte,1,Find majority mention respond age employee eight fill.,Sales,2025-12-08
27,Robert Fowler,daniel03@example.net,Accenture,3,Opportunity argue anyone scene father act.,HR,2025-12-21
28,Christina Ross,gmiller@example.net,Deloitte,5,Attorney source step part stuff return art.,IT,2026-02-21
29,Tracie Crawford,campbelldarrell@example.org,Accenture,1,Include read easy detail remember mouth drive exist nor.,HR,2026-03-09
30,Dustin Gardner,millermichael@example.net,Deloitte,3,Mr gun writer affect trial safe skin.,HR,2025-12-25
31,Emily Adams,schroederpeter@example.net,Takkar_Polychem,2,Play build main control debate human concern.,Sales,2025-11-18
32,Anne Williams,shieldsmichael@example.net,Accenture,2,Care life claim voice between window room front.,Finance,2026-02-13
33,Victoria Lucero,miguel69@example.org,Cognizant,2,Care threat have marriage will animal rule direction.,IT,2026-03-12
34,Patricia Winters,qmitchell@example.net,Deloitte,1,Participant his able score quickly hundred should worker civil accept.,Sales,2026-01-29
35,John Francis,fenglish@example.net,TCS,1,Unit information lot wide bill.,Sales,2026-02-20
36,Ronald Jones,gabriella21@example.net,Wipro,5,Case to stay view impact least state husband.,IT,2026-01-20
37,Kaitlyn Davis,nmartin@example.org,Deloitte,3,Common front husband administration school ability beyond hot.,HR,2026-02-02
38,Ryan Thomas,staceythomas@example.com,Deloitte,5,Point whole must already great others want government age issue party.,Finance,2026-01-19
39,Edwin White,madison18@example.com,Infosys,2,Base event sound floor certain.,IT,2026-02-12
40,Albert Dillon,kristie23@example.net,Accenture,2,Drug rather because generation leader.,IT,2026-03-15
41,Tracy Brown,keyjennifer@example.org,Deloitte,4,Upon theory wife this many write assume air apply lead.,IT,2026-01-03
42,David Anderson,martinarthur@example.org,Accenture,2,Food economy wind husband husband toward heart take painting.,Sales,2026-01-09
43,Rebecca Swanson,mauricewaters@example.com,Wipro,5,Box mind decision describe information receive ahead will city.,IT,2026-02-21
44,Sean Brown,jefferybaker@example.com,Accenture,4,Suddenly interest newspaper set smile nor idea direction official.,IT,2026-03-29
45,Courtney Solis,david34@example.org,Deloitte,2,Senior always natural common effort under mind Mrs catch.,IT,2025-10-26
46,Gregory Ortega,byoung@example.org,Takkar_Polychem,2,Financial four society party them visit policy civil.,HR,2026-04-07
47,James Shepherd,icarter@example.com,Takkar_Polychem,4,Smile have source worry half population throughout thought long detail trip.,Sales,2026-03-26
48,Tamara Gates,ecarpenter@example.net,Capgemini,2,Claim information big public success market bit remain together.,Finance,2026-02-20
49,Samuel Haley,lisa54@example.org,TCS,2,Visit so speech day region suggest house trade with evening.,Finance,2026-03-03
50,Dr. Hannah Jones,jeremyponce@example.com,Infosys,3,Inside seem year game agent arrive service phone television style.,Finance,2026-04-11
51,Annette Baird,flewis@example.org,HCL,3,Grow full wrong along Congress however defense professor president make.,HR,2026-03-21
52,Stephen Wheeler,ryan01@example.org,Deloitte,1,Attorney feeling forward kid medical.,Finance,2026-03-21
53,Thomas Murphy,nicole45@example.org,Accenture,2,Doctor meet common cost conference.,Finance,2026-02-22
54,Tanner Brown,timothymccormick@example.com,Deloitte,3,Boy behind opportunity head stop parent build.,IT,2026-02-02
55,Richard Brown,qcopeland@example.org,Accenture,3,Democratic air player live bill claim safe ask role.,HR,2025-12-16
56,Randy Murphy,gailmoore@example.org,HCL,2,Doctor different its drop local their media.,HR,2026-01-18
57,Charles Frost,corey02@example.com,Infosys,3,Rest green receive condition black hear where our third top campaign.,HR,2025-12-10
58,Ashley Chase,petersjesse@example.com,Accenture,1,Bring method group know less morning floor fill cover measure.,IT,2025-12-10
59,Taylor Fleming,qclark@example.net,Deloitte,1,Seven organization agent something finally technology.,Finance,2026-04-15
60,Vincent Moore,pbradley@example.org,TCS,4,Rather fall together medical no administration.,IT,2026-01-04
61,Dr. Miguel Oliver PhD,andrew51@example.org,Infosys,3,Again gas watch response item sell good.,Finance,2026-01-01
62,Alexander Cox,andrew03@example.net,Capgemini,1,Off career include view sometimes attorney necessary police almost.,Finance,2026-03-03
63,Laura Russell,vgamble@example.org,TCS,1,A chance green entire analysis site Republican become wife.,HR,2025-12-27
64,Michael Kemp,waynepearson@example.com,Infosys,1,Hospital common message image worker be carry.,IT,2025-12-25
65,Alicia Edwards,beth65@example.org,Cognizant,3,Wish risk loss week common.,HR,2026-01-11
66,Austin Werner,chapmaneric@example.net,Deloitte,3,Ever actually task across while door.,IT,2026-02-09
67,Gregory Stanley,tracithompson@example.org,Deloitte,5,State television establish mission town week into administration rock moment.,IT,2025-11-20
68,Scott Reilly,schroederariana@example.net,HCL,4,Together carry free then especially candidate left indeed.,Sales,2026-02-01
69,Kyle Johnson,travisjoseph@example.net,Takkar_Polychem,2,First take which and argue.,HR,2025-10-27
70,Joshua Burns,bfoster@example.org,Capgemini,1,Interview board such first claim.,HR,2026-01-28
71,Amber Peterson,aprilgilmore@example.org,Cognizant,2,Though benefit reason general bed.,IT,2026-01-29
72,Jennifer Oliver,garciajeffrey@example.com,Deloitte,4,Peace direction issue candidate reality market.,IT,2026-02-03
73,Donald Garcia,nancygonzalez@example.net,Capgemini,5,Clearly financial minute dog kid price hand.,HR,2025-11-22
74,Crystal Johnson,reginaldnicholson@example.org,Capgemini,2,Suddenly necessary step business road again government.,Finance,2025-12-28
75,Amber Johnson,michaelcarlson@example.org,Accenture,1,News hour product where weight future.,Sales,2026-03-06
76,Pamela Skinner,beardalexandra@example.com,Capgemini,3,Bag image share similar lead.,HR,2026-03-26
77,Misty Stewart,cmoreno@example.org,Cognizant,5,Market between some act may later improve should keep western.,Finance,2026-03-11
78,Corey Hawkins,bcross@example.net,Infosys,3,Why through sure seek matter next.,IT,2025-12-24
79,Nicole Brown,alexis06@example.org,Capgemini,3,World upon authority rock soon now.,Sales,2025-12-04
80,Michael Miller,seanmoore@example.com,Infosys,2,Senior possible project run hand better.,Finance,2026-03-01
81,Lee Reese,stephenodom@example.net,Accenture,2,System weight treatment line certainly remain decide.,Finance,2026-03-21
82,Robert Savage,sarahwright@example.org,Capgemini,4,Spring recently sign gas by man executive officer.,IT,2025-11-29
83,Jonathon Cantrell,george55@example.org,TCS,1,Shoulder culture they ok get team.,HR,2026-03-24
84,Ana Carroll,kimberly34@example.net,Cognizant,5,Newspaper improve trouble protect American listen.,Sales,2025-11-05
85,Charles Goodwin,dianasmith@example.net,Cognizant,2,Current say morning why event middle seat.,Finance,2026-01-05
86,Lisa Brown,wnichols@example.net,Cognizant,2,Affect maybe value study administration.,IT,2026-02-16
87,Catherine Allen,zimmermansarah@example.org,Accenture,4,Reduce success these model section herself knowledge.,Finance,2026-01-13
88,Andrea Meza,autumnsolomon@example.net,Accenture,4,Role activity guy set give now special.,Sales,2025-11-01
89,Jacob Cohen,christinesalinas@example.org,Takkar_Polychem,1,Trial left student happen last.,Sales,2025-10-23
90,Deborah Larson,hannah20@example.org,Capgemini,1,Recently support training organization all.,HR,2026-03-16
91,Billy Stein,carltucker@example.org,Infosys,4,Bill here card later must.,IT,2025-10-26
92,Cynthia Logan,soniasmith@example.com,Capgemini,2,Difference we herself wrong she job material stop company.,Finance,2026-03-02
93,Randall Potts,pdavis@example.net,Wipro,2,Begin authority environmental then ahead owner themselves election.,IT,2026-04-12
94,Benjamin Archer,paul37@example.org,Wipro,4,Job rich behavior lot back.,Sales,2026-01-18
95,Tiffany Jensen,shelbybush@example.net,Wipro,5,Onto reveal rate so generation final early experience east.,IT,2025-12-31
96,Ryan Charles,ibryan@example.com,Wipro,3,Continue another movement table cut.,IT,2025-12-06
97,Heather Wheeler,ujennings@example.net,Wipro,4,Seat employee instead fund every bed friend wait lose someone.,HR,2025-10-23
98,Michael Brown,lovesteven@example.com,Wipro,1,Billion poor would my former new senior until girl democratic lead.,Sales,2026-03-13
99,Meghan Tapia,wongchristopher@example.org,Accenture,4,Population operation lay understand present company worker lawyer head involve.,Sales,2025-11-29
100,Matthew Dougherty,asmith@example.net,Accenture,5,Less society difference child remain ok north upon.,HR,2025-11-10
101,Francis Mccoy,jessicalewis@example.org,Wipro,5,Reduce include quickly low phone radio detail strategy.,HR,2026-04-01
102,Jaime Cox,angelachandler@example.net,TCS,2,Him reality life course find protect information other strategy.,HR,2026-03-05
103,Tyrone Campbell,garrettjacqueline@example.com,Wipro,1,Describe action make protect group street especially break.,Finance,2026-04-07
104,Edward Lawson,kaitlin74@example.org,Wipro,2,Too for tonight writer store exist.,Sales,2025-12-09
105,Julie Macias,jared85@example.org,Takkar_Polychem,4,Drug eat sign affect necessary a stand audience section.,Sales,2025-10-25
106,Antonio Lucas,melissaguerra@example.net,Takkar_Polychem,5,Respond anyone we sign practice executive Mrs.,HR,2026-02-28
107,Gabrielle Morris,karenmorgan@example.com,Infosys,4,Owner often purpose management explain economic heart ball instead.,HR,2026-02-22
108,Carlos Hoover MD,cclark@example.net,Cognizant,3,Hot nature style word computer shoulder.,IT,2026-02-24
109,Sharon Mcgee DVM,timothy31@example.org,Accenture,1,Reality dream resource when edge mean charge speech.,IT,2026-01-03
110,Joseph Mann,waltermendoza@example.org,Wipro,2,Much region even cut sure democratic gas hit miss easy.,HR,2026-04-07
111,Lisa Lewis,tricia21@example.net,Capgemini,1,Seek wall position thought where air central later.,Sales,2026-01-28
112,Harold Washington,michaelmejia@example.org,Wipro,3,Alone opportunity never position operation very study stage.,IT,2026-03-07
113,Becky Watkins,kimberly48@example.org,Takkar_Polychem,2,Sound with best often majority our particularly coach.,HR,2025-10-26
114,Tara Obrien,loridurham@example.com,Deloitte,5,Spring accept professional price especially movie.,IT,2026-04-06
115,Angela Webb,thompsonmichael@example.org,Wipro,1,Like offer for save decade left professional toward wind name.,Finance,2026-01-30
116,David Foster,jessicawalker@example.com,Cognizant,2,As public position personal opportunity kind hundred window might.,IT,2025-12-06
117,Rhonda Jackson,curtis48@example.org,Accenture,2,Commercial drug particular push product mother.,Sales,2026-04-14
118,Douglas Hickman,dmoran@example.com,HCL,4,Finally physical leave arrive training building provide daughter stuff yard.,IT,2026-03-11
119,Kaitlin Carter DDS,donnahoward@example.com,HCL,5,Its pretty high one want memory.,HR,2026-03-08
120,Patricia Jones,ysmith@example.org,Accenture,2,Student painting street newspaper magazine instead.,IT,2026-02-03
121,Robert Peterson,tmitchell@example.net,TCS,3,Second study yeah ahead.,HR,2025-12-14
122,Jonathan Peters,heatherbrown@example.com,Accenture,2,Television source company glass.,IT,2025-12-26
123,Carla Gilmore,christopher46@example.org,HCL,4,Big likely office article hotel term.,HR,2025-11-06
124,Kelly Gomez,kennethlee@example.net,Accenture,5,Account indeed environmental without he be.,Sales,2026-01-19
125,Wendy Hudson,terryamber@example.org,Cognizant,5,Design PM relate include money again music.,Sales,2025-11-02
126,Nicholas Roberts,kevinpeters@example.net,Takkar_Polychem,2,Who marriage political ball east others attention around performance radio defense.,HR,2025-12-31
127,Calvin Hamilton,vruiz@example.org,Infosys,3,Director wonder member local one improve.,Finance,2026-02-17
128,Mary Valenzuela,kathleen48@example.com,Deloitte,5,Somebody operation born situation at life couple.,HR,2026-01-03
129,Jason Hernandez,danielingram@example.com,Capgemini,2,Meeting pretty glass rock article true agency condition.,IT,2025-12-03
130,Suzanne Lewis,nmorris@example.net,Deloitte,5,Management sport why American again.,HR,2025-11-05
131,David Cox,preed@example.com,Accenture,3,Behind few resource friend hundred.,IT,2025-11-22
132,Lindsay Wyatt,jennifer77@example.net,Infosys,3,Middle event require respond wide fight care expect understand authority.,HR,2026-04-16
133,Lisa Walton,lisawilliams@example.com,Cognizant,4,Hundred clearly certain not give I eat because call.,IT,2025-11-22
134,William Garcia,hardingtyler@example.com,Takkar_Polychem,1,Pick ask color throw bed.,HR,2026-02-24
135,Beth Nichols,savannah61@example.com,Accenture,5,Meet present resource establish recent employee.,HR,2026-04-23
136,Robert Edwards,ballardapril@example.com,Takkar_Polychem,3,Probably personal writer strategy that success head recent southern each age.,IT,2026-03-13
137,Jose Jones,sharongrant@example.org,Cognizant,2,Sea my professor record least tell read best.,Finance,2026-01-08
138,Albert Martin,mcortez@example.com,Infosys,3,Sure house mean stuff mean next.,IT,2026-01-23
139,Vanessa Moore,karen44@example.com,Wipro,2,Arm image side behind thus this test fall hand past.,Sales,2026-01-04
140,Elizabeth Snyder,ohoffman@example.org,Takkar_Polychem,1,Strategy social address see industry rate really federal.,Sales,2026-03-23
141,Damon Henderson,charris@example.com,Wipro,2,Provide way determine bar glass ground successful.,HR,2026-01-19
142,Carolyn Mack,kjohnson@example.org,HCL,3,Suffer worry require all a theory decide area music.,IT,2025-12-14
143,Gloria Dorsey,danielcollins@example.com,Takkar_Polychem,4,Big data big cut society five moment pull stuff close yourself.,Finance,2025-11-12
144,Caroline Beard,nancybaker@example.net,Infosys,4,View admit speech yeah discover.,Sales,2026-04-01
145,Mark Solomon,robinsonthomas@example.net,TCS,3,Perhaps interview although safe team production wish onto argue summer.,IT,2026-04-06
146,Thomas Stephens,albertbooth@example.net,Deloitte,5,For describe minute third my in term.,HR,2026-04-09
147,Anne Martin,andrea54@example.com,Cognizant,5,Stock million go product figure.,HR,2026-03-17
148,Donna Hinton,emilyharrison@example.org,Capgemini,3,Reality pressure recently wind machine before his seven fast include maintain.,Sales,2025-11-08
149,Dr. Timothy Hebert,baileydeborah@example.com,Wipro,5,Fear on serve up stand none west responsibility.,IT,2025-12-22
150,Matthew Smith,robert93@example.com,Takkar_Polychem,4,Yes born report ok Mrs.,IT,2025-11-29
151,Breanna Holmes,serranotammy@example.net,Takkar_Polychem,3,Fund fear me now fast deep.,Sales,2026-03-02
152,Lisa Crawford,curtis72@example.net,Accenture,1,Us level bit card material.,Finance,2025-10-23
153,Calvin Ramos,antonio60@example.org,Capgemini,1,Factor spend even up summer.,Sales,2026-01-12
154,Andrea Adams,watersgina@example.net,Takkar_Polychem,1,Seat guess onto assume could receive decade enjoy.,Finance,2025-12-13
155,Hannah Taylor,mbrock@example.com,Deloitte,3,Garden product mean force.,IT,2026-03-23
156,Peter Munoz,jeffreyjones@example.net,Wipro,4,Feel sure chance view room court.,Finance,2025-12-17
157,Hannah Clark,rwilliams@example.net,Takkar_Polychem,2,Field themselves country follow any spend.,IT,2026-02-10
158,Steven Wade,ufitzgerald@example.net,Accenture,3,Debate best end those can less.,IT,2026-02-22
159,Sydney Fernandez,michelle19@example.com,Deloitte,1,Business issue prepare population ask against can.,Sales,2025-11-17
160,Sarah Hall,wharrison@example.org,TCS,4,Space out day star treat job best hospital government.,IT,2026-04-16
161,Erik Mercado,oyoung@example.net,Cognizant,1,Air kitchen fast successful yet area opportunity quality center high.,Finance,2025-11-30
162,Kristin Cole,kurtthomas@example.net,Accenture,1,There range film various PM thought business research officer them.,IT,2026-04-06
163,Sherry Gill,melissadiaz@example.org,TCS,3,Statement institution likely wear discussion buy near.,Sales,2026-04-09
164,Mike Taylor,josephgentry@example.com,Cognizant,1,Until measure your at turn state green determine suddenly.,Finance,2025-10-31
165,Yesenia Jacobs,jonathan04@example.net,Cognizant,3,Trial feel near difference floor change leave cut will.,Finance,2025-11-29
166,Anna Gonzales,tyleranderson@example.com,Accenture,2,Among present sport spend.,Sales,2025-12-10
167,Taylor Greene,jennifer06@example.net,HCL,4,Grow candidate six manage fine south production.,HR,2026-02-09
168,Amy Shelton,rileymatthew@example.net,Takkar_Polychem,3,By size usually woman article social work opportunity environmental.,Finance,2026-01-01
169,Frank Hurst,william92@example.com,Cognizant,3,Somebody effort return only word.,Sales,2025-12-13
170,Sara Mason,yumarvin@example.org,TCS,4,Special mention front exactly science field opportunity hot hot child.,Sales,2026-01-09
171,Michelle Thornton,davisanne@example.com,Infosys,3,Gun tough behavior art alone wall official share middle.,IT,2026-04-22
172,Cameron Smith,jenniferstone@example.com,Capgemini,5,Daughter hot field as manager.,Sales,2025-10-28
173,Sarah Herrera,kimberly67@example.org,Accenture,5,Determine none serious war impact.,Finance,2025-11-20
174,Angela Williams,steven90@example.net,Capgemini,5,Head it social thought common.,IT,2026-03-20
175,Jason Marshall,anoble@example.org,Takkar_Polychem,1,Finish first forget police example interesting available.,HR,2026-03-31
176,Julie Phillips,leslie22@example.com,Takkar_Polychem,3,Individual feel middle staff sign middle rest whom into.,Finance,2026-04-19
177,Andrew Watkins,ycooper@example.net,Infosys,2,Own able thank season mother democratic imagine game daughter ever.,IT,2026-03-28
178,Ryan Hernandez,knavarro@example.com,HCL,2,Boy feel still eight first surface note perform.,Finance,2025-11-18
179,David Stone,katherineferguson@example.com,Accenture,3,Weight anything move certainly age growth happy adult century near what.,Sales,2026-01-21
180,Sean Neal,simmonsrichard@example.net,Wipro,2,Executive student reality necessary.,IT,2025-11-06
181,Brianna Pierce,kathy34@example.com,Deloitte,3,Shoulder real actually big toward half air say nearly beyond.,Finance,2026-01-12
182,Cynthia Adams,iwatson@example.net,Takkar_Polychem,5,Product probably few there trip probably on safe.,Finance,2026-01-20
183,Denise Carter DDS,sherrylam@example.org,TCS,2,Officer American yes lot your little find group rich five not.,IT,2026-03-04
184,Jason Lloyd,morgan69@example.com,Takkar_Polychem,5,Allow easy occur front lose across.,Finance,2026-01-09
185,Crystal Hall,thomasfoster@example.org,Takkar_Polychem,4,Join main collection work church history on page list discussion.,HR,2026-03-01
186,Alicia Harrison,omartin@example.org,Wipro,1,Brother eye really debate hand provide sea the apply sea.,HR,2026-02-11
187,Jamie Gonzalez DVM,robert13@example.net,HCL,4,Value woman something skill Congress size.,Sales,2025-11-30
188,Frederick Cooper,chasejackson@example.org,Capgemini,1,Color two they wrong choice heavy pressure budget.,HR,2026-02-02
189,Laura Brown,rebecca92@example.com,Capgemini,3,Until doctor long hold pull cup spring score.,Sales,2026-03-03
190,Edwin Miller,uwalker@example.org,TCS,4,Turn interest yeah red keep and character thus.,HR,2025-11-13
191,Teresa Salinas,hannamegan@example.net,Infosys,2,Including for meet protect as list provide rather do game.,IT,2025-10-26
192,Michael Thornton,monica25@example.net,Infosys,3,Owner beyond soldier police every.,Finance,2025-11-05
193,Jessica Alvarez,knoxwanda@example.com,Accenture,1,Blue can carry training these game executive money agency discuss.,IT,2026-03-18
194,Michael Torres,christopherrivera@example.org,Wipro,2,When system what light conference management.,IT,2025-12-06
195,Brandon Oliver,john12@example.org,Wipro,4,Recently friend our own whom partner.,IT,2026-01-11
196,Teresa Murray DVM,brent74@example.net,Deloitte,2,Expect plan one strong music never answer.,Sales,2025-10-29
197,Angela Cohen,imoyer@example.org,Accenture,2,Action address interesting order relationship bill world.,HR,2026-02-26
198,Heather Vargas,echandler@example.com,Deloitte,5,Door service relationship where education.,IT,2026-02-19
199,Shelby Poole,williamserika@example.net,Infosys,3,Test TV still performance house difference eye at.,HR,2026-03-18
200,Juan Cole,andrea22@example.com,TCS,2,Relationship sea blue few raise available section prevent.,Sales,2026-02-10
201,Gabriela Smith,jennifer18@example.net,Takkar_Polychem,5,Pay many on threat these deep rise.,HR,2025-12-06
202,Jeffrey Morrow,fweaver@example.com,Infosys,3,Cultural argue bar just line hair author cell reduce.,Sales,2026-02-25
203,Penny Lin,amy46@example.org,Capgemini,5,Brother name single blood positive news put organization measure.,Sales,2025-12-26
204,David Gonzalez,rebecca48@example.org,Infosys,5,Central character city without pattern player expect leader development.,IT,2026-02-10
205,Jeremy Young,courtneydaniels@example.com,Capgemini,2,Probably research central with.,Finance,2025-12-04
206,Dr. Jeffrey Trujillo,williamcross@example.net,TCS,4,Want which work might responsibility.,HR,2026-01-05
207,Bernard Aguirre,jesse16@example.net,HCL,5,Law film entire hold summer fast follow guess.,Sales,2026-03-13
208,Gary Mcintyre,smithtimothy@example.net,Infosys,2,Today only tonight her community building speech.,IT,2025-12-07
209,Oscar Martinez,hugheselizabeth@example.com,TCS,1,Heavy development those money decade former.,HR,2025-11-03
210,Brady Young,shawn54@example.net,Accenture,4,Realize decide ten imagine almost protect.,HR,2025-12-27
211,Tara House,ellenchavez@example.org,Capgemini,3,Good page soldier instead certainly.,Sales,2026-02-27
212,Lisa Franklin,jill57@example.com,Wipro,3,Foot paper foreign score significant what less rich.,Finance,2026-01-29
213,Melissa Preston,haleyjoseph@example.com,Deloitte,2,During check war thank personal act idea wait.,Finance,2026-03-17
214,Sarah Phillips,george50@example.com,Takkar_Polychem,2,Follow material director wish inside radio clearly military every.,Sales,2025-10-27
215,Lori Smith,qmedina@example.org,Cognizant,3,Stop crime at wonder exist activity bit example fine.,Finance,2025-11-16
216,Cynthia Newman,crosskenneth@example.org,Accenture,1,Away huge this create join southern couple animal easy exactly.,Sales,2025-11-11
217,Marie Sanchez,ryan10@example.com,TCS,4,Improve focus ability front throw choice admit.,Finance,2025-12-08
218,Scott Reynolds,ocantu@example.org,HCL,3,Right few contain front fall leader.,Finance,2026-01-05
219,Lisa Walsh,michael56@example.net,Capgemini,4,Age entire gun expert describe month policy.,Finance,2026-02-01
220,Jeff Lee,moorecarrie@example.org,Takkar_Polychem,3,Practice personal standard interview easy.,IT,2025-11-26
221,Aaron Vasquez,huynhpatrick@example.com,Capgemini,1,Rate to nation wall science magazine end decision.,Sales,2026-02-06
222,Joshua Powell,meltonthomas@example.org,TCS,1,Forward light food particularly yourself admit.,Sales,2025-11-22
223,Michael Howard,walter77@example.net,TCS,4,Four clear lawyer any student tend little.,HR,2026-01-30
224,John Sexton,tabithareed@example.com,Infosys,1,Either partner sport development green story staff center name brother.,Finance,2026-02-18
225,Melissa Mora,christopherbrown@example.com,HCL,5,Ball practice myself adult allow produce fly rich single.,IT,2025-12-15
226,Mr. Travis Jackson,kylebrown@example.org,Takkar_Polychem,1,Ever hard never us social test.,IT,2026-03-30
227,Monica Clark,qpaul@example.org,HCL,5,End area long address.,HR,2026-01-14
228,Daniel Brown,rcolon@example.net,Accenture,5,Stand past will poor or tree imagine never official first.,IT,2026-02-11
229,Chad Brown,hudsoncaleb@example.com,Takkar_Polychem,3,Maybe why challenge response even tell.,Finance,2026-04-07
230,Stephen Thomas,tammyrocha@example.org,Deloitte,4,Himself success despite who onto note.,HR,2025-12-28
231,Cindy West,heatherstuart@example.net,Takkar_Polychem,1,Old hope blue off outside leader soldier.,Sales,2026-01-30
232,Bobby Walker,lamjason@example.com,TCS,5,Deal place senior head past between.,HR,2026-01-02
233,Gina Taylor,lchambers@example.org,HCL,5,Shoulder institution traditional much first create.,Finance,2026-03-06
234,Christopher Baker,zdavenport@example.net,Deloitte,2,Course them save citizen feel pass material.,Sales,2026-04-13
235,Rachel Cunningham,jessicahall@example.com,Wipro,1,Dark school institution but face under article respond so art.,Sales,2026-04-13
236,Dr. Jesse Wu MD,qthomas@example.org,TCS,2,Until not difficult along relate we wonder.,Finance,2026-01-28
237,Mark Sanchez,freyes@example.org,Cognizant,2,Behavior sense environment common one small role.,HR,2026-02-09
238,Eric Hartman,lrobinson@example.org,Deloitte,5,Occur officer huge same shake term generation test civil.,IT,2025-12-24
239,Jessica Ochoa,michael35@example.org,HCL,3,Republican later indicate effect dream fly.,IT,2026-02-13
240,Crystal Marshall,abutler@example.com,Cognizant,5,Control down window money star ability.,Finance,2025-11-29
241,Karen Bryant,lydiadixon@example.org,HCL,2,Professional ago he about this see evidence school face free fly.,IT,2025-11-16
242,Tonya Lopez,steven44@example.net,Wipro,4,Specific success life treatment agent role learn role cost.,HR,2025-11-13
243,Kathryn Larson,teresa56@example.com,Deloitte,3,Toward under certain doctor note we effect.,Finance,2025-12-01
244,Gina Miller,mark13@example.net,TCS,2,Sister others everybody rock history clearly part air they.,Sales,2026-03-05
245,Hayden Collins,jackfletcher@example.net,TCS,2,Point business direction certainly cell charge product if position.,IT,2026-02-27
246,Jennifer Figueroa,nicole78@example.net,Cognizant,4,Decade late onto turn tough run media camera structure huge.,Finance,2025-10-25
247,Scott Williamson,xmiller@example.com,Cognizant,4,Against growth give car professional.,Finance,2025-11-26
248,Cameron Johnson,rperkins@example.com,HCL,4,Seem peace skill send film kind skin score song second.,HR,2025-12-29
249,Kimberly Alexander,justinknight@example.net,Infosys,1,Head ground argue discuss watch others nice organization thought throughout.,Sales,2026-02-07
250,Madison Mejia,andersonsamuel@example.com,HCL,2,Note available opportunity body nice spring church with herself ahead.,HR,2026-01-05
251,Martin Munoz,brittanyfrank@example.com,Cognizant,1,Scientist network often check newspaper let likely expect sign.,Finance,2026-04-22
252,Gene Hernandez,maycheyenne@example.com,Capgemini,5,Describe high service behind cover including.,HR,2026-01-30
253,Leslie Gilbert,byrdthomas@example.com,Cognizant,3,Reality really tree effort decision within pick her.,Sales,2026-03-24
254,Holly Jones,lisa77@example.com,TCS,2,South interest together them those college end kitchen.,Sales,2025-11-28
255,Kathryn Day,brendan25@example.net,Wipro,4,Federal Mr think job must measure either father risk law.,IT,2026-04-13
256,Mikayla Rasmussen,hannahalexander@example.net,Accenture,2,Prevent would start simply sometimes himself reason.,IT,2026-01-27
257,Andrea Davis,nbaker@example.net,TCS,2,Set though note exist possible hand my try campaign window.,HR,2025-11-16
258,Danielle Jackson,michaelanderson@example.com,HCL,5,Accept site enough piece rest upon ready.,Finance,2025-11-12
259,Ronnie Pugh,christophersmith@example.org,Takkar_Polychem,2,Agent still her realize ahead space opportunity majority drop.,Sales,2025-12-28
260,James Nelson,andersontroy@example.net,Takkar_Polychem,4,Break candidate pretty middle single population.,HR,2026-01-23
261,James Duran,breanna27@example.net,TCS,4,Visit hot whom career consider candidate agent.,Sales,2026-04-14
262,Kelly Washington,briana31@example.org,Cognizant,3,Song market suggest student open citizen green.,IT,2026-01-25
263,Denise Rogers,catherinewilliams@example.org,Accenture,1,Social attack walk task every analysis town send.,Finance,2025-11-10
264,Lisa Vaughan,jonsalinas@example.org,TCS,3,Discover and trip lose notice shoulder small.,Sales,2026-03-06
265,Mary Cole,samuel85@example.org,Infosys,5,Free particularly treatment several teacher glass.,Finance,2025-12-05
266,Harry Anthony,iscott@example.net,Deloitte,3,Space so realize fill window.,HR,2026-02-11
267,Darlene Stevenson,kellyharris@example.com,Infosys,1,Cold than similar sometimes civil degree Congress market again end.,Sales,2026-02-12
268,Thomas Holland,johnjohnson@example.net,TCS,5,His plan sound budget.,Finance,2025-11-04
269,Larry Kramer,brownjustin@example.com,TCS,1,Security act strong as identify nice since which.,Sales,2026-02-24
270,Jason Yang,ariana89@example.net,Cognizant,2,Ok respond market write focus.,Finance,2025-12-21
271,Jorge Ayala,andrewsolis@example.com,Accenture,3,Outside without author similar shake.,Finance,2025-10-29
272,Angela Smith,oharrison@example.com,Takkar_Polychem,3,Building west evening itself save include charge what candidate yard.,HR,2025-12-06
273,Cynthia Beasley,wrobertson@example.org,Capgemini,3,Product six plant capital need point food term.,IT,2025-10-23
274,Mr. Paul Jones,edwardschristopher@example.org,Infosys,3,Admit reduce firm let include relate operation because guess television visit.,HR,2026-03-22
275,Megan Davis,davidterry@example.com,Accenture,5,Theory like impact treat visit mean rather eight cut identify.,HR,2026-03-19
276,Marcus Green,tracy48@example.org,Deloitte,2,Baby act character serve bit purpose audience clear.,Sales,2026-01-26
277,Dawn Cooper,rodgersmichael@example.net,Infosys,4,Ball program involve beyond answer pressure very suffer paper yeah.,Sales,2026-01-01
278,Megan Morris,samuel65@example.net,Accenture,3,Into high hour fast admit manager nation with beautiful.,Sales,2026-04-11
279,Tiffany Wolf,jennifer68@example.org,Infosys,1,Hotel bit meeting their history manage shake religious important.,Sales,2026-04-22
280,Natalie Peterson,mendezrobin@example.com,Capgemini,2,Such option stop bag reduce final note.,HR,2026-02-11
281,Christopher Schmidt,michael27@example.org,Takkar_Polychem,4,Hospital despite quite try six particularly such most.,HR,2025-11-03
282,Richard Jordan,reynoldsteresa@example.net,Capgemini,2,Way church hit gun stage buy thus case across response.,IT,2026-01-11
283,Kristina Cunningham,cabreraryan@example.net,Cognizant,3,Account father she others point well collection play right.,HR,2026-01-01
284,Victoria Cantrell,jchristensen@example.com,Takkar_Polychem,3,Himself guy detail bill also former.,Sales,2026-01-10
285,Justin Hernandez,icampbell@example.com,Capgemini,4,Always result including usually our.,HR,2025-11-08
286,Erin Wyatt,richardsdebra@example.org,Infosys,3,Site something list someone career alone.,Sales,2025-11-26
287,Molly Washington,howellcameron@example.org,Wipro,1,Serious southern hit worker often everyone usually break they.,HR,2025-12-23
288,Shannon Rodriguez,wdudley@example.com,Capgemini,5,Minute step identify past agent.,IT,2025-12-19
289,Karen Garcia,sanchezkayla@example.net,Wipro,5,Station center father north service season opportunity.,Sales,2025-12-14
290,Joel Martinez,richardcline@example.net,Infosys,1,Party method fish environmental kitchen seven.,Finance,2025-11-24
291,Sandra Mcintyre,lauralogan@example.net,Wipro,2,Can water main coach someone picture executive citizen somebody table seem.,IT,2026-04-05
292,Samuel Olson,emilyharris@example.com,TCS,2,Old forward simple tell church return trial.,IT,2026-02-21
293,Robert Brown,bonnienguyen@example.net,Infosys,3,Write show whole wait turn party.,Finance,2026-01-18
294,Laura Johnson,jeffrey41@example.org,Deloitte,5,Table phone foreign risk world note major great.,Finance,2026-02-18
295,Jesse Miller,tylerkathryn@example.net,TCS,4,Process same size president off develop force station.,IT,2025-12-03
296,Mr. Kevin Wright MD,jcordova@example.org,Accenture,4,Cover research fall can wonder popular there each success these.,Sales,2026-01-08
297,Candice Ruiz,butlerchristopher@example.org,Infosys,1,Moment doctor station type role four.,Sales,2025-11-28
298,Christopher Graham DDS,allenkristie@example.com,HCL,5,Campaign suggest find reduce room from agency down can hope some.,Finance,2025-11-29
299,Shelby Kane,georgejames@example.com,HCL,5,Away analysis project structure relate.,HR,2025-12-06
300,Sue Cherry,christinegrant@example.org,Accenture,5,Defense gas analysis simply happen the ten.,Sales,2026-03-27
301,Mary Johnson,dnewman@example.net,Deloitte,1,Believe fact feeling impact firm difference middle serve news may radio.,Sales,2026-01-01
